{"is_source_file": false, "format": "", "description": "", "external_files": [], "external_methods": [], "published": [], "classes": [], "methods": [], "calls": [], "search-terms": [], "state": 2, "file_id": 2, "knowledge_revision": 35, "git_revision": "8c0142b0063886fa23a88ecd6701b4d66c6ecb67", "hash": "24d5cfe0bcb6012c1a7785382bc4c269", "format-version": 4, "code-base-name": "car_dealership_frontend", "filename": "car_dealership_frontend/public/index.html", "revision_history": [{"35": "8c0142b0063886fa23a88ecd6701b4d66c6ecb67"}]}