{"is_source_file": false, "format": "", "description": "", "external_files": [], "external_methods": [], "published": [], "classes": [], "methods": [], "calls": [], "search-terms": [], "state": 2, "file_id": 1, "knowledge_revision": 24, "git_revision": "83dede11627e7cd4bc50b78ee3873118c285fdcb", "hash": "ebece526bc2eadd78ddd787a76c56607", "format-version": 4, "code-base-name": "car_dealership_frontend", "filename": "car_dealership_frontend/README.md", "revision_history": [{"24": "83dede11627e7cd4bc50b78ee3873118c285fdcb"}]}