{"is_source_file": true, "format": "JavaScript", "description": "React component for a dealership's single-page landing site, including inventory display, lead/contact forms, resource gating, modal dialogs, and in-page navigation.", "external_files": ["./App.css", "./logo.svg", "./components/Modal", "./services/api", "./utils/validation", "./utils/leadThrottle"], "external_methods": ["fetchInventory", "getApiConfig", "submitGatedResourceRequest", "submitLead", "validateEmail", "validateMinLen", "validatePhoneOptional", "validateRequired", "getLeadSubmissionCooldownRemainingMs", "markLeadSubmitted"], "published": ["App"], "classes": [], "methods": [{"name": "formatCurrency(value)", "description": "Formats a number as US currency, or returns an em dash if invalid.", "scope": "", "scopeKind": ""}, {"name": "normalizeStr(v)", "description": "Converts a value to a trimmed, lowercased string.", "scope": "", "scopeKind": ""}, {"name": "getUniqueValues(items, key)", "description": "Returns a sorted array of unique string values for a given key from a list of items.", "scope": "", "scopeKind": ""}, {"name": "scrollToId(id)", "description": "Smoothly scrolls the page to the element with the specified ID.", "scope": "", "scopeKind": ""}, {"name": "App()", "scope": "", "scopeKind": "", "description": "unavailable"}, {"name": "NavLinks({ onNavigate })", "scope": "App", "scopeKind": "function", "description": "unavailable"}, {"name": "closeDetails()", "scope": "App", "scopeKind": "function", "description": "unavailable"}, {"name": "handleCtaPrimary()", "scope": "App", "scopeKind": "function", "description": "unavailable"}, {"name": "handleCtaSecondary()", "scope": "App", "scopeKind": "function", "description": "unavailable"}, {"name": "handleLeadSubmit(e)", "scope": "App", "scopeKind": "function", "description": "unavailable"}, {"name": "handleResourceSubmit(e)", "scope": "App", "scopeKind": "function", "description": "unavailable"}, {"name": "load()", "scope": "App", "scopeKind": "function", "description": "unavailable"}, {"name": "openDetails(car)", "scope": "App", "scopeKind": "function", "description": "unavailable"}, {"name": "openResourceModal(resource)", "scope": "App", "scopeKind": "function", "description": "unavailable"}, {"name": "validateLeadForm(values)", "scope": "App", "scopeKind": "function", "description": "unavailable"}, {"name": "validateResourceForm(values)", "scope": "App", "scopeKind": "function", "description": "unavailable"}], "calls": ["React.useEffect", "React.useState", "React.useMemo", "React.useRef", "getApiConfig", "fetchInventory", "submitLead", "submitGatedResourceRequest", "markLeadSubmitted", "validateEmail", "validateMinLen", "validatePhoneOptional", "validateRequired"], "search-terms": ["React App component", "dealership inventory page", "gated resource forms", "modal dialogs", "lead/contact forms", "in-page navigation"], "state": 2, "file_id": 11, "knowledge_revision": 32, "git_revision": "8c0142b0063886fa23a88ecd6701b4d66c6ecb67", "revision_history": [{"22": "83dede11627e7cd4bc50b78ee3873118c285fdcb"}, {"32": "8c0142b0063886fa23a88ecd6701b4d66c6ecb67"}], "ctags": [{"_type": "tag", "name": "App", "path": "/home/kavia/workspace/code-generation/premier-car-dealership-landing-page-309766-309775/car_dealership_frontend/src/App.js", "pattern": "/^export default function App() {$/", "language": "JavaScript", "kind": "function", "signature": "()"}, {"_type": "tag", "name": "NavLinks", "path": "/home/kavia/workspace/code-generation/premier-car-dealership-landing-page-309766-309775/car_dealership_frontend/src/App.js", "pattern": "/^  function NavLinks({ onNavigate }) {$/", "language": "JavaScript", "kind": "function", "signature": "({ onNavigate })", "scope": "App", "scopeKind": "function"}, {"_type": "tag", "name": "closeDetails", "path": "/home/kavia/workspace/code-generation/premier-car-dealership-landing-page-309766-309775/car_dealership_frontend/src/App.js", "pattern": "/^        onClose={closeDetails}$/", "language": "JavaScript", "kind": "field", "scope": "onClose", "scopeKind": "class"}, {"_type": "tag", "name": "closeDetails", "path": "/home/kavia/workspace/code-generation/premier-car-dealership-landing-page-309766-309775/car_dealership_frontend/src/App.js", "pattern": "/^  function closeDetails() {$/", "language": "JavaScript", "kind": "function", "signature": "()", "scope": "App", "scopeKind": "function"}, {"_type": "tag", "name": "contactSectionRef", "path": "/home/kavia/workspace/code-generation/premier-car-dealership-landing-page-309766-309775/car_dealership_frontend/src/App.js", "pattern": "/^          ref={contactSectionRef}$/", "language": "JavaScript", "kind": "field", "scope": "ref", "scopeKind": "class"}, {"_type": "tag", "name": "detailsModalOpen", "path": "/home/kavia/workspace/code-generation/premier-car-dealership-landing-page-309766-309775/car_dealership_frontend/src/App.js", "pattern": "/^        isOpen={detailsModalOpen}$/", "language": "JavaScript", "kind": "field", "scope": "isOpen", "scopeKind": "class"}, {"_type": "tag", "name": "filters", "path": "/home/kavia/workspace/code-generation/premier-car-dealership-landing-page-309766-309775/car_dealership_frontend/src/App.js", "pattern": "/^                    value={filters.body}$/", "language": "JavaScript", "kind": "field", "scope": "value", "scopeKind": "class"}, {"_type": "tag", "name": "filters", "path": "/home/kavia/workspace/code-generation/premier-car-dealership-landing-page-309766-309775/car_dealership_frontend/src/App.js", "pattern": "/^                    value={filters.make}$/", "language": "JavaScript", "kind": "field", "scope": "value", "scopeKind": "class"}, {"_type": "tag", "name": "filters", "path": "/home/kavia/workspace/code-generation/premier-car-dealership-landing-page-309766-309775/car_dealership_frontend/src/App.js", "pattern": "/^                    value={filters.maxPrice}$/", "language": "JavaScript", "kind": "field", "scope": "value", "scopeKind": "class"}, {"_type": "tag", "name": "filters", "path": "/home/kavia/workspace/code-generation/premier-car-dealership-landing-page-309766-309775/car_dealership_frontend/src/App.js", "pattern": "/^                    value={filters.query}$/", "language": "JavaScript", "kind": "field", "scope": "value", "scopeKind": "class"}, {"_type": "tag", "name": "formatCurrency", "path": "/home/kavia/workspace/code-generation/premier-car-dealership-landing-page-309766-309775/car_dealership_frontend/src/App.js", "pattern": "/^function formatCurrency(value) {$/", "language": "JavaScript", "kind": "function", "signature": "(value)"}, {"_type": "tag", "name": "getUniqueValues", "path": "/home/kavia/workspace/code-generation/premier-car-dealership-landing-page-309766-309775/car_dealership_frontend/src/App.js", "pattern": "/^function getUniqueValues(items, key) {$/", "language": "JavaScript", "kind": "function", "signature": "(items, key)"}, {"_type": "tag", "name": "handleCtaPrimary", "path": "/home/kavia/workspace/code-generation/premier-car-dealership-landing-page-309766-309775/car_dealership_frontend/src/App.js", "pattern": "/^                    onClick={handleCtaPrimary}$/", "language": "JavaScript", "kind": "field", "scope": "onClick", "scopeKind": "class"}, {"_type": "tag", "name": "handleCtaPrimary", "path": "/home/kavia/workspace/code-generation/premier-car-dealership-landing-page-309766-309775/car_dealership_frontend/src/App.js", "pattern": "/^                  onClick={handleCtaPrimary}$/", "language": "JavaScript", "kind": "field", "scope": "onClick", "scopeKind": "class"}, {"_type": "tag", "name": "handleCtaPrimary", "path": "/home/kavia/workspace/code-generation/premier-car-dealership-landing-page-309766-309775/car_dealership_frontend/src/App.js", "pattern": "/^              onClick={handleCtaPrimary}$/", "language": "JavaScript", "kind": "field", "scope": "onClick", "scopeKind": "class"}, {"_type": "tag", "name": "handleCtaPrimary", "path": "/home/kavia/workspace/code-generation/premier-car-dealership-landing-page-309766-309775/car_dealership_frontend/src/App.js", "pattern": "/^  function handleCtaPrimary() {$/", "language": "JavaScript", "kind": "function", "signature": "()", "scope": "App", "scopeKind": "function"}, {"_type": "tag", "name": "handleCtaSecondary", "path": "/home/kavia/workspace/code-generation/premier-car-dealership-landing-page-309766-309775/car_dealership_frontend/src/App.js", "pattern": "/^                  onClick={handleCtaSecondary}$/", "language": "JavaScript", "kind": "field", "scope": "onClick", "scopeKind": "class"}, {"_type": "tag", "name": "handleCtaSecondary", "path": "/home/kavia/workspace/code-generation/premier-car-dealership-landing-page-309766-309775/car_dealership_frontend/src/App.js", "pattern": "/^  function handleCtaSecondary() {$/", "language": "JavaScript", "kind": "function", "signature": "()", "scope": "App", "scopeKind": "function"}, {"_type": "tag", "name": "handleLeadSubmit", "path": "/home/kavia/workspace/code-generation/premier-car-dealership-landing-page-309766-309775/car_dealership_frontend/src/App.js", "pattern": "/^  async function handleLeadSubmit(e) {$/", "language": "JavaScript", "kind": "function", "signature": "(e)", "scope": "App", "scopeKind": "function"}, {"_type": "tag", "name": "handleResourceSubmit", "path": "/home/kavia/workspace/code-generation/premier-car-dealership-landing-page-309766-309775/car_dealership_frontend/src/App.js", "pattern": "/^  async function handleResourceSubmit(e) {$/", "language": "JavaScript", "kind": "function", "signature": "(e)", "scope": "App", "scopeKind": "function"}, {"_type": "tag", "name": "isMobileNavOpen", "path": "/home/kavia/workspace/code-generation/premier-car-dealership-landing-page-309766-309775/car_dealership_frontend/src/App.js", "pattern": "/^              aria-expanded={isMobileNavOpen}$/", "language": "JavaScript", "kind": "field", "scope": "aria", "scopeKind": "class"}, {"_type": "tag", "name": "isMobileNavOpen", "path": "/home/kavia/workspace/code-generation/premier-car-dealership-landing-page-309766-309775/car_dealership_frontend/src/App.js", "pattern": "/^              aria-label={isMobileNavOpen ? \"Close menu\" : \"Open menu\"}$/", "language": "JavaScript", "kind": "field", "scope": "aria", "scopeKind": "class"}, {"_type": "tag", "name": "leadErrors", "path": "/home/kavia/workspace/code-generation/premier-car-dealership-landing-page-309766-309775/car_dealership_frontend/src/App.js", "pattern": "/^                      aria-describedby={leadErrors.dealership ? \"leadDealErr\" : undefined}$/", "language": "JavaScript", "kind": "field", "scope": "aria", "scopeKind": "class"}, {"_type": "tag", "name": "leadErrors", "path": "/home/kavia/workspace/code-generation/premier-car-dealership-landing-page-309766-309775/car_dealership_frontend/src/App.js", "pattern": "/^                      aria-describedby={leadErrors.email ? \"leadEmailErr\" : undefined}$/", "language": "JavaScript", "kind": "field", "scope": "aria", "scopeKind": "class"}, {"_type": "tag", "name": "leadErrors", "path": "/home/kavia/workspace/code-generation/premier-car-dealership-landing-page-309766-309775/car_dealership_frontend/src/App.js", "pattern": "/^                      aria-describedby={leadErrors.message ? \"leadMsgErr\" : undefined}$/", "language": "JavaScript", "kind": "field", "scope": "aria", "scopeKind": "class"}, {"_type": "tag", "name": "leadErrors", "path": "/home/kavia/workspace/code-generation/premier-car-dealership-landing-page-309766-309775/car_dealership_frontend/src/App.js", "pattern": "/^                      aria-describedby={leadErrors.name ? \"leadNameErr\" : undefined}$/", "language": "JavaScript", "kind": "field", "scope": "aria", "scopeKind": "class"}, {"_type": "tag", "name": "leadErrors", "path": "/home/kavia/workspace/code-generation/premier-car-dealership-landing-page-309766-309775/car_dealership_frontend/src/App.js", "pattern": "/^                      aria-describedby={leadErrors.phone ? \"leadPhoneErr\" : undefined}$/", "language": "JavaScript", "kind": "field", "scope": "aria", "scopeKind": "class"}, {"_type": "tag", "name": "leadErrors", "path": "/home/kavia/workspace/code-generation/premier-car-dealership-landing-page-309766-309775/car_dealership_frontend/src/App.js", "pattern": "/^                      aria-describedby={leadErrors.title ? \"leadTitleErr\" : undefined}$/", "language": "JavaScript", "kind": "field", "scope": "aria", "scopeKind": "class"}, {"_type": "tag", "name": "leadForm", "path": "/home/kavia/workspace/code-generation/premier-car-dealership-landing-page-309766-309775/car_dealership_frontend/src/App.js", "pattern": "/^                      value={leadForm.dealership}$/", "language": "JavaScript", "kind": "field", "scope": "value", "scopeKind": "class"}, {"_type": "tag", "name": "leadForm", "path": "/home/kavia/workspace/code-generation/premier-car-dealership-landing-page-309766-309775/car_dealership_frontend/src/App.js", "pattern": "/^                      value={leadForm.email}$/", "language": "JavaScript", "kind": "field", "scope": "value", "scopeKind": "class"}, {"_type": "tag", "name": "leadForm", "path": "/home/kavia/workspace/code-generation/premier-car-dealership-landing-page-309766-309775/car_dealership_frontend/src/App.js", "pattern": "/^                      value={leadForm.interest}$/", "language": "JavaScript", "kind": "field", "scope": "value", "scopeKind": "class"}, {"_type": "tag", "name": "leadForm", "path": "/home/kavia/workspace/code-generation/premier-car-dealership-landing-page-309766-309775/car_dealership_frontend/src/App.js", "pattern": "/^                      value={leadForm.message}$/", "language": "JavaScript", "kind": "field", "scope": "value", "scopeKind": "class"}, {"_type": "tag", "name": "leadForm", "path": "/home/kavia/workspace/code-generation/premier-car-dealership-landing-page-309766-309775/car_dealership_frontend/src/App.js", "pattern": "/^                      value={leadForm.name}$/", "language": "JavaScript", "kind": "field", "scope": "value", "scopeKind": "class"}, {"_type": "tag", "name": "leadForm", "path": "/home/kavia/workspace/code-generation/premier-car-dealership-landing-page-309766-309775/car_dealership_frontend/src/App.js", "pattern": "/^                      value={leadForm.phone}$/", "language": "JavaScript", "kind": "field", "scope": "value", "scopeKind": "class"}, {"_type": "tag", "name": "leadForm", "path": "/home/kavia/workspace/code-generation/premier-car-dealership-landing-page-309766-309775/car_dealership_frontend/src/App.js", "pattern": "/^                      value={leadForm.title}$/", "language": "JavaScript", "kind": "field", "scope": "value", "scopeKind": "class"}, {"_type": "tag", "name": "leadSubmitState", "path": "/home/kavia/workspace/code-generation/premier-car-dealership-landing-page-309766-309775/car_dealership_frontend/src/App.js", "pattern": "/^                      leadSubmitState.status === \"submitting\" ||$/", "language": "JavaScript", "kind": "field", "scope": "disabled", "scopeKind": "class"}, {"_type": "tag", "name": "leadSubmitState", "path": "/home/kavia/workspace/code-generation/premier-car-dealership-landing-page-309766-309775/car_dealership_frontend/src/App.js", "pattern": "/^                    disabled={leadSubmitState.status === \"submitting\"}$/", "language": "JavaScript", "kind": "field", "scope": "disabled", "scopeKind": "class"}, {"_type": "tag", "name": "load", "path": "/home/kavia/workspace/code-generation/premier-car-dealership-landing-page-309766-309775/car_dealership_frontend/src/App.js", "pattern": "/^    async function load() {$/", "language": "JavaScript", "kind": "function", "signature": "()", "scope": "App", "scopeKind": "function"}, {"_type": "tag", "name": "logo", "path": "/home/kavia/workspace/code-generation/premier-car-dealership-landing-page-309766-309775/car_dealership_frontend/src/App.js", "pattern": "/^                  src={logo}$/", "language": "JavaScript", "kind": "field", "scope": "src", "scopeKind": "class"}, {"_type": "tag", "name": "logo", "path": "/home/kavia/workspace/code-generation/premier-car-dealership-landing-page-309766-309775/car_dealership_frontend/src/App.js", "pattern": "/^                src={logo}$/", "language": "JavaScript", "kind": "field", "scope": "App.src", "scopeKind": "class"}, {"_type": "tag", "name": "normalizeStr", "path": "/home/kavia/workspace/code-generation/premier-car-dealership-landing-page-309766-309775/car_dealership_frontend/src/App.js", "pattern": "/^function normalizeStr(v) {$/", "language": "JavaScript", "kind": "function", "signature": "(v)"}, {"_type": "tag", "name": "openDetails", "path": "/home/kavia/workspace/code-generation/premier-car-dealership-landing-page-309766-309775/car_dealership_frontend/src/App.js", "pattern": "/^  function openDetails(car) {$/", "language": "JavaScript", "kind": "function", "signature": "(car)", "scope": "App", "scopeKind": "function"}, {"_type": "tag", "name": "openResourceModal", "path": "/home/kavia/workspace/code-generation/premier-car-dealership-landing-page-309766-309775/car_dealership_frontend/src/App.js", "pattern": "/^  function openResourceModal(resource) {$/", "language": "JavaScript", "kind": "function", "signature": "(resource)", "scope": "App", "scopeKind": "function"}, {"_type": "tag", "name": "resourceModalOpen", "path": "/home/kavia/workspace/code-generation/premier-car-dealership-landing-page-309766-309775/car_dealership_frontend/src/App.js", "pattern": "/^        isOpen={resourceModalOpen}$/", "language": "JavaScript", "kind": "field", "scope": "isOpen", "scopeKind": "class"}, {"_type": "tag", "name": "resourceSubmitState", "path": "/home/kavia/workspace/code-generation/premier-car-dealership-landing-page-309766-309775/car_dealership_frontend/src/App.js", "pattern": "/^          resourceSubmitState.status === \"success\" ? ($/", "language": "JavaScript", "kind": "field", "scope": "footer", "scopeKind": "class"}, {"_type": "tag", "name": "scrollToId", "path": "/home/kavia/workspace/code-generation/premier-car-dealership-landing-page-309766-309775/car_dealership_frontend/src/App.js", "pattern": "/^function scrollToId(id) {$/", "language": "JavaScript", "kind": "function", "signature": "(id)"}, {"_type": "tag", "name": "selectedCar", "path": "/home/kavia/workspace/code-generation/premier-car-dealership-landing-page-309766-309775/car_dealership_frontend/src/App.js", "pattern": "/^        title={selectedCar?.title || \"Vehicle details\"}$/", "language": "JavaScript", "kind": "field", "scope": "title", "scopeKind": "class"}, {"_type": "tag", "name": "selectedResource", "path": "/home/kavia/workspace/code-generation/premier-car-dealership-landing-page-309766-309775/car_dealership_frontend/src/App.js", "pattern": "/^        description={selectedResource?.description || \"Fill out the form to access the download./", "language": "JavaScript", "kind": "field", "scope": "description", "scopeKind": "class"}, {"_type": "tag", "name": "selectedResource", "path": "/home/kavia/workspace/code-generation/premier-car-dealership-landing-page-309766-309775/car_dealership_frontend/src/App.js", "pattern": "/^        title={selectedResource?.title || \"Download resource\"}$/", "language": "JavaScript", "kind": "field", "scope": "title", "scopeKind": "class"}, {"_type": "tag", "name": "validateLeadForm", "path": "/home/kavia/workspace/code-generation/premier-car-dealership-landing-page-309766-309775/car_dealership_frontend/src/App.js", "pattern": "/^  function validateLeadForm(values) {$/", "language": "JavaScript", "kind": "function", "signature": "(values)", "scope": "App", "scopeKind": "function"}, {"_type": "tag", "name": "validateResourceForm", "path": "/home/kavia/workspace/code-generation/premier-car-dealership-landing-page-309766-309775/car_dealership_frontend/src/App.js", "pattern": "/^  function validateResourceForm(values) {$/", "language": "JavaScript", "kind": "function", "signature": "(values)", "scope": "App", "scopeKind": "function"}], "hash": "468c064fe2f928a9b8787f78b26497c5", "format-version": 4, "code-base-name": "car_dealership_frontend", "filename": "car_dealership_frontend/src/App.js", "fields": [{"name": "onClose={closeDetails}", "scope": "onClose", "scopeKind": "class", "description": "unavailable"}, {"name": "ref={contactSectionRef}", "scope": "ref", "scopeKind": "class", "description": "unavailable"}, {"name": "isOpen={detailsModalOpen}", "scope": "isOpen", "scopeKind": "class", "description": "unavailable"}, {"name": "value={filters.body}", "scope": "value", "scopeKind": "class", "description": "unavailable"}, {"name": "value={filters.make}", "scope": "value", "scopeKind": "class", "description": "unavailable"}, {"name": "value={filters.maxPrice}", "scope": "value", "scopeKind": "class", "description": "unavailable"}, {"name": "value={filters.query}", "scope": "value", "scopeKind": "class", "description": "unavailable"}, {"name": "onClick={handleCtaPrimary}", "scope": "onClick", "scopeKind": "class", "description": "unavailable"}, {"name": "onClick={handleCtaSecondary}", "scope": "onClick", "scopeKind": "class", "description": "unavailable"}, {"name": "aria-expanded={isMobileNavOpen}", "scope": "aria", "scopeKind": "class", "description": "unavailable"}, {"name": "aria-label={isMobileNavOpen ? \"Close menu\" : \"Open menu\"}", "scope": "aria", "scopeKind": "class", "description": "unavailable"}, {"name": "aria-describedby={leadErrors.dealership ? \"leadDealErr\" : undefined}", "scope": "aria", "scopeKind": "class", "description": "unavailable"}, {"name": "aria-describedby={leadErrors.email ? \"leadEmailErr\" : undefined}", "scope": "aria", "scopeKind": "class", "description": "unavailable"}, {"name": "aria-describedby={leadErrors.message ? \"leadMsgErr\" : undefined}", "scope": "aria", "scopeKind": "class", "description": "unavailable"}, {"name": "aria-describedby={leadErrors.name ? \"leadNameErr\" : undefined}", "scope": "aria", "scopeKind": "class", "description": "unavailable"}, {"name": "aria-describedby={leadErrors.phone ? \"leadPhoneErr\" : undefined}", "scope": "aria", "scopeKind": "class", "description": "unavailable"}, {"name": "aria-describedby={leadErrors.title ? \"leadTitleErr\" : undefined}", "scope": "aria", "scopeKind": "class", "description": "unavailable"}, {"name": "value={leadForm.dealership}", "scope": "value", "scopeKind": "class", "description": "unavailable"}, {"name": "value={leadForm.email}", "scope": "value", "scopeKind": "class", "description": "unavailable"}, {"name": "value={leadForm.interest}", "scope": "value", "scopeKind": "class", "description": "unavailable"}, {"name": "value={leadForm.message}", "scope": "value", "scopeKind": "class", "description": "unavailable"}, {"name": "value={leadForm.name}", "scope": "value", "scopeKind": "class", "description": "unavailable"}, {"name": "value={leadForm.phone}", "scope": "value", "scopeKind": "class", "description": "unavailable"}, {"name": "value={leadForm.title}", "scope": "value", "scopeKind": "class", "description": "unavailable"}, {"name": "leadSubmitState.status === \"submitting\" ||", "scope": "disabled", "scopeKind": "class", "description": "unavailable"}, {"name": "disabled={leadSubmitState.status === \"submitting\"}", "scope": "disabled", "scopeKind": "class", "description": "unavailable"}, {"name": "src={logo}", "scope": "src", "scopeKind": "class", "description": "unavailable"}, {"name": "isOpen={resourceModalOpen}", "scope": "isOpen", "scopeKind": "class", "description": "unavailable"}, {"name": "resourceSubmitState.status === \"success\" ? (", "scope": "footer", "scopeKind": "class", "description": "unavailable"}, {"name": "title={selectedCar?.title || \"Vehicle details\"}", "scope": "title", "scopeKind": "class", "description": "unavailable"}, {"name": "description={selectedResource?.description || \"Fill out the form to access the download./", "scope": "description", "scopeKind": "class", "description": "unavailable"}, {"name": "title={selectedResource?.title || \"Download resource\"}", "scope": "title", "scopeKind": "class", "description": "unavailable"}]}