{"is_source_file": false, "format": "", "description": "", "external_files": [], "external_methods": [], "published": [], "classes": [], "methods": [], "calls": [], "search-terms": [], "state": 2, "file_id": 9, "knowledge_revision": 14, "git_revision": "83dede11627e7cd4bc50b78ee3873118c285fdcb", "hash": "6c2104b8d219ed99234ae2d6329f4357", "format-version": 4, "code-base-name": "car_dealership_frontend", "filename": "car_dealership_frontend/src/index.css", "revision_history": [{"14": "83dede11627e7cd4bc50b78ee3873118c285fdcb"}]}