{"is_source_file": false, "format": "", "description": "", "external_files": [], "external_methods": [], "published": [], "classes": [], "methods": [], "calls": [], "search-terms": [], "state": 2, "file_id": 15, "knowledge_revision": 15, "git_revision": "83dede11627e7cd4bc50b78ee3873118c285fdcb", "hash": "d001d53c059625c4bcf75bf5a7f3fcf0", "format-version": 4, "code-base-name": "car_dealership_frontend", "filename": "car_dealership_frontend/package.json", "revision_history": [{"15": "83dede11627e7cd4bc50b78ee3873118c285fdcb"}]}