{"is_source_file": true, "format": "JavaScript", "description": "This file provides utility functions for managing lead submission cooldowns using localStorage, including calculating remaining cooldown time and marking a lead as submitted.", "external_files": ["localStorage"], "external_methods": ["localStorage.getItem", "localStorage.setItem", "Date.now", "Number"], "published": ["getLeadSubmissionCooldownRemainingMs", "markLeadSubmitted"], "classes": [], "methods": [{"name": "getLeadSubmissionCooldownRemainingMs(windowMs = DEFAULT_WINDOW_MS)", "description": "Returns remaining cooldown time in milliseconds before another lead can be submitted, defaulting to 24 hours.", "scope": "", "scopeKind": ""}, {"name": "markLeadSubmitted()", "description": "Records the current timestamp as the last lead submission time.", "scope": "", "scopeKind": ""}], "calls": ["localStorage.getItem", "localStorage.setItem", "Date.now", "Number", "Number.isFinite"], "search-terms": ["lead submission cooldown", "localStorage", "leadThrottle", "24 hours", "lead submission timestamp"], "state": 2, "file_id": 20, "knowledge_revision": 38, "git_revision": "8c0142b0063886fa23a88ecd6701b4d66c6ecb67", "ctags": [{"_type": "tag", "name": "DEFAULT_WINDOW_MS", "path": "/home/kavia/workspace/code-generation/premier-car-dealership-landing-page-309766-309775/car_dealership_frontend/src/utils/leadThrottle.js", "pattern": "/^const DEFAULT_WINDOW_MS = 24 * 60 * 60 * 1000;$/", "language": "JavaScript", "kind": "constant"}, {"_type": "tag", "name": "STORAGE_KEY", "path": "/home/kavia/workspace/code-generation/premier-car-dealership-landing-page-309766-309775/car_dealership_frontend/src/utils/leadThrottle.js", "pattern": "/^const STORAGE_KEY = \"pcd_lastLeadSubmissionAt\";$/", "language": "JavaScript", "kind": "constant"}, {"_type": "tag", "name": "getLeadSubmissionCooldownRemainingMs", "path": "/home/kavia/workspace/code-generation/premier-car-dealership-landing-page-309766-309775/car_dealership_frontend/src/utils/leadThrottle.js", "pattern": "/^export function getLeadSubmissionCooldownRemainingMs(windowMs = DEFAULT_WINDOW_MS) {$/", "language": "JavaScript", "kind": "function", "signature": "(windowMs = DEFAULT_WINDOW_MS)"}, {"_type": "tag", "name": "markLeadSubmitted", "path": "/home/kavia/workspace/code-generation/premier-car-dealership-landing-page-309766-309775/car_dealership_frontend/src/utils/leadThrottle.js", "pattern": "/^export function markLeadSubmitted() {$/", "language": "JavaScript", "kind": "function", "signature": "()"}], "hash": "407fe3174efae32604c511c2ee8f721f", "format-version": 4, "code-base-name": "car_dealership_frontend", "filename": "car_dealership_frontend/src/utils/leadThrottle.js", "revision_history": [{"38": "8c0142b0063886fa23a88ecd6701b4d66c6ecb67"}]}