{"is_source_file": true, "format": "JavaScript", "description": "This file sets up custom Jest matchers for testing DOM nodes using the '@testing-library/jest-dom' library. It is used for configuring testing environment behaviors.", "external_files": ["@testing-library/jest-dom"], "external_methods": [], "published": [], "classes": [], "methods": [], "calls": ["import '@testing-library/jest-dom'"], "search-terms": ["setupTests.js", "jest-dom", "testing-library", "custom matchers"], "state": 2, "file_id": 14, "knowledge_revision": 23, "git_revision": "83dede11627e7cd4bc50b78ee3873118c285fdcb", "ctags": [], "hash": "1a77571e1a8cf36018a41bcedf60db75", "format-version": 4, "code-base-name": "car_dealership_frontend", "filename": "car_dealership_frontend/src/setupTests.js", "revision_history": [{"23": "83dede11627e7cd4bc50b78ee3873118c285fdcb"}]}