{"is_source_file": true, "format": "JavaScript", "description": "This file is a JavaScript source file that serves as the entry point for a React web application. It initializes the React app by rendering the 'App' component into the DOM element with id 'root'.", "external_files": ["./index.css", "./App"], "external_methods": ["ReactDOM.createRoot", "ReactDOM.render", "React.StrictMode"], "published": ["index.js"], "classes": [], "methods": [{"name": "ReactDOM.createRoot", "description": "Creates a React root for rendering the React component tree."}], "calls": ["ReactDOM.createRoot", "root.render", "React.StrictMode", "<App />"], "search-terms": ["ReactDOM", "createRoot", "app initialization", "entry point", "index.js"], "state": 2, "file_id": 13, "knowledge_revision": 20, "git_revision": "83dede11627e7cd4bc50b78ee3873118c285fdcb", "ctags": [{"_type": "tag", "name": "root", "path": "/home/kavia/workspace/code-generation/premier-car-dealership-landing-page-309766-309775/car_dealership_frontend/src/index.js", "pattern": "/^const root = ReactDOM.createRoot(document.getElementById('root'));$/", "language": "JavaScript", "kind": "constant"}], "hash": "9fc5841375336fc175b49f8767a11383", "format-version": 4, "code-base-name": "car_dealership_frontend", "filename": "car_dealership_frontend/src/index.js", "revision_history": [{"20": "83dede11627e7cd4bc50b78ee3873118c285fdcb"}]}