{"is_source_file": false, "format": "", "description": "", "external_files": [], "external_methods": [], "published": [], "classes": [], "methods": [], "calls": [], "search-terms": ["CSS Variables", ":root", "themes", "dark mode", "responsive design"], "state": 2, "file_id": 12, "knowledge_revision": 16, "git_revision": "83dede11627e7cd4bc50b78ee3873118c285fdcb", "hash": "22f9e17cc1848b56dbb244518ac2707e", "format-version": 4, "code-base-name": "car_dealership_frontend", "filename": "car_dealership_frontend/src/App.css", "revision_history": [{"16": "83dede11627e7cd4bc50b78ee3873118c285fdcb"}]}