{"is_source_file": false, "format": "JSON", "description": "", "external_files": [], "external_methods": [], "published": [], "classes": [], "methods": [], "calls": [], "search-terms": [], "state": 2, "file_id": 7, "knowledge_revision": 17, "git_revision": "83dede11627e7cd4bc50b78ee3873118c285fdcb", "hash": "d9d975cebe2ec20b6c652e1e4c12ccf0", "format-version": 4, "code-base-name": "car_dealership_frontend", "filename": "car_dealership_frontend/public/manifest.json", "revision_history": [{"17": "83dede11627e7cd4bc50b78ee3873118c285fdcb"}]}