{"is_source_file": true, "format": "JavaScript Module (ESM)", "description": "ESLint configuration file written in JavaScript, setting linting rules, parser options, globals, and plugins for a React project.", "external_files": ["@eslint/js", "eslint-plugin-react"], "external_methods": [], "published": [], "classes": [], "methods": [], "calls": ["pluginJs", "pluginReact", "pluginJs.configs.recommended"], "search-terms": ["eslint", "eslint-config", "eslint-plugin-react", "parserOptions", "globals", "react"], "state": 2, "file_id": 8, "knowledge_revision": 18, "git_revision": "83dede11627e7cd4bc50b78ee3873118c285fdcb", "hash": "be6538e7523bc2e9da0743133d784136", "format-version": 4, "code-base-name": "car_dealership_frontend", "filename": "car_dealership_frontend/eslint.config.mjs", "revision_history": [{"18": "83dede11627e7cd4bc50b78ee3873118c285fdcb"}]}