{"is_source_file": true, "format": "JavaScript", "description": "This file contains utility functions and API interaction logic for fetching vehicle inventory, submitting leads, and requesting resources in a car dealership web application. It includes mock data for local testing and configurable endpoints for production.", "external_files": ["fetch"], "external_methods": ["fetch"], "published": ["fetchInventory", "submitLead", "submitGatedResourceRequest", "getApiConfig"], "classes": [], "methods": [{"name": "hasApiBase()", "description": "Checks if a valid API base URL is configured.", "scope": "", "scopeKind": ""}, {"name": "joinUrl(base, path)", "description": "Joins a base URL with a path, properly handling slashes.", "scope": "", "scopeKind": ""}, {"name": "safeJson(res)", "description": "Safely parses JSON from a fetch response, handling raw text if parsing fails.", "scope": "", "scopeKind": ""}, {"name": "requestJson(path, options = {})", "description": "Performs a fetch request and returns parsed JSON, throwing errors if request fails.", "scope": "", "scopeKind": ""}, {"name": "getMockInventory()", "description": "Provides a mock list of vehicle inventory items for testing or fallback.", "scope": "", "scopeKind": ""}, {"name": "fetchInventory()", "scope": "", "scopeKind": "", "description": "unavailable"}, {"name": "getApiConfig()", "scope": "", "scopeKind": "", "description": "unavailable"}, {"name": "submitGatedResourceRequest(payload)", "scope": "", "scopeKind": "", "description": "unavailable"}, {"name": "submitLead(payload)", "scope": "", "scopeKind": "", "description": "unavailable"}], "calls": ["fetch", "hasApiBase", "joinUrl", "safeJson", "requestJson"], "search-terms": ["api.js", "fetchInventory", "mock inventory", "submitLead", "submitGatedResourceRequest", "API_BASE", "configurable endpoints", "vehicle inventory fetch"], "state": 2, "file_id": 17, "knowledge_revision": 31, "git_revision": "8c0142b0063886fa23a88ecd6701b4d66c6ecb67", "ctags": [{"_type": "tag", "name": "API_BASE", "path": "/home/kavia/workspace/code-generation/premier-car-dealership-landing-page-309766-309775/car_dealership_frontend/src/services/api.js", "pattern": "/^const API_BASE =$/", "language": "JavaScript", "kind": "constant"}, {"_type": "tag", "name": "fetchInventory", "path": "/home/kavia/workspace/code-generation/premier-car-dealership-landing-page-309766-309775/car_dealership_frontend/src/services/api.js", "pattern": "/^export async function fetchInventory() {$/", "language": "JavaScript", "kind": "function", "signature": "()"}, {"_type": "tag", "name": "getApiConfig", "path": "/home/kavia/workspace/code-generation/premier-car-dealership-landing-page-309766-309775/car_dealership_frontend/src/services/api.js", "pattern": "/^export function getApiConfig() {$/", "language": "JavaScript", "kind": "function", "signature": "()"}, {"_type": "tag", "name": "getMockInventory", "path": "/home/kavia/workspace/code-generation/premier-car-dealership-landing-page-309766-309775/car_dealership_frontend/src/services/api.js", "pattern": "/^function getMockInventory() {$/", "language": "JavaScript", "kind": "function", "signature": "()"}, {"_type": "tag", "name": "hasApiBase", "path": "/home/kavia/workspace/code-generation/premier-car-dealership-landing-page-309766-309775/car_dealership_frontend/src/services/api.js", "pattern": "/^function hasApiBase() {$/", "language": "JavaScript", "kind": "function", "signature": "()"}, {"_type": "tag", "name": "joinUrl", "path": "/home/kavia/workspace/code-generation/premier-car-dealership-landing-page-309766-309775/car_dealership_frontend/src/services/api.js", "pattern": "/^function joinUrl(base, path) {$/", "language": "JavaScript", "kind": "function", "signature": "(base, path)"}, {"_type": "tag", "name": "requestJson", "path": "/home/kavia/workspace/code-generation/premier-car-dealership-landing-page-309766-309775/car_dealership_frontend/src/services/api.js", "pattern": "/^async function requestJson(path, options = {}) {$/", "language": "JavaScript", "kind": "function", "signature": "(path, options = {})"}, {"_type": "tag", "name": "safeJson", "path": "/home/kavia/workspace/code-generation/premier-car-dealership-landing-page-309766-309775/car_dealership_frontend/src/services/api.js", "pattern": "/^async function safeJson(res) {$/", "language": "JavaScript", "kind": "function", "signature": "(res)"}, {"_type": "tag", "name": "submitGatedResourceRequest", "path": "/home/kavia/workspace/code-generation/premier-car-dealership-landing-page-309766-309775/car_dealership_frontend/src/services/api.js", "pattern": "/^export async function submitGatedResourceRequest(payload) {$/", "language": "JavaScript", "kind": "function", "signature": "(payload)"}, {"_type": "tag", "name": "submitLead", "path": "/home/kavia/workspace/code-generation/premier-car-dealership-landing-page-309766-309775/car_dealership_frontend/src/services/api.js", "pattern": "/^export async function submitLead(payload) {$/", "language": "JavaScript", "kind": "function", "signature": "(payload)"}], "hash": "5c59ad030f1416b990143b5c37028a61", "format-version": 4, "code-base-name": "car_dealership_frontend", "filename": "car_dealership_frontend/src/services/api.js", "revision_history": [{"31": "8c0142b0063886fa23a88ecd6701b4d66c6ecb67"}]}