{"is_source_file": true, "format": "JavaScript (React JSX)", "description": "This file defines a React component named Modal that provides an accessible, focus-trapping modal dialog with overlay, initial focus, and ESC key close functionality.", "external_files": ["react"], "external_methods": ["useEffect", "useId", "useRef"], "published": ["Modal"], "classes": [], "methods": [{"name": "Modal({ isOpen, title, description, children, onClose, footer, labelledById, describedById, initialFocusSelector, })", "description": "React functional component rendering an accessible modal dialog with focus trap and overlay.", "scope": "", "scopeKind": ""}], "calls": ["document.activeElement", "window.addEventListener", "window.removeEventListener", "setTimeout", "root.querySelector", "last.focus"], "search-terms": ["React Modal", "accessible dialog", "focus trap", "useEffect", "useRef", "initial focus", "ESC close"], "state": 2, "file_id": 18, "knowledge_revision": 36, "git_revision": "8c0142b0063886fa23a88ecd6701b4d66c6ecb67", "ctags": [{"_type": "tag", "name": "Modal", "path": "/home/kavia/workspace/code-generation/premier-car-dealership-landing-page-309766-309775/car_dealership_frontend/src/components/Modal.js", "pattern": "/^export default function Modal({$/", "language": "JavaScript", "kind": "function", "signature": "({ isOpen, title, description, children, onClose, footer, labelledById, describedById, initialFocusSelector, })"}, {"_type": "tag", "name": "description", "path": "/home/kavia/workspace/code-generation/premier-car-dealership-landing-page-309766-309775/car_dealership_frontend/src/components/Modal.js", "pattern": "/^        aria-describedby={description ? descId : undefined}$/", "language": "JavaScript", "kind": "field", "scope": "Modal.aria", "scopeKind": "class"}, {"_type": "tag", "name": "dialogRef", "path": "/home/kavia/workspace/code-generation/premier-car-dealership-landing-page-309766-309775/car_dealership_frontend/src/components/Modal.js", "pattern": "/^        ref={dialogRef}$/", "language": "JavaScript", "kind": "field", "scope": "Modal.ref", "scopeKind": "class"}, {"_type": "tag", "name": "onClose", "path": "/home/kavia/workspace/code-generation/premier-car-dealership-landing-page-309766-309775/car_dealership_frontend/src/components/Modal.js", "pattern": "/^            onClick={onClose}$/", "language": "JavaScript", "kind": "field", "scope": "Modal.onClick", "scopeKind": "class"}, {"_type": "tag", "name": "titleId", "path": "/home/kavia/workspace/code-generation/premier-car-dealership-landing-page-309766-309775/car_dealership_frontend/src/components/Modal.js", "pattern": "/^        aria-labelledby={titleId}$/", "language": "JavaScript", "kind": "field", "scope": "Modal.aria", "scopeKind": "class"}], "hash": "9cf82462dc843c182130b13c14620f6e", "format-version": 4, "code-base-name": "car_dealership_frontend", "filename": "car_dealership_frontend/src/components/Modal.js", "fields": [{"name": "aria-describedby={description ? descId : undefined}", "scope": "Modal.aria", "scopeKind": "class", "description": "unavailable"}, {"name": "ref={dialogRef}", "scope": "Modal.ref", "scopeKind": "class", "description": "unavailable"}, {"name": "onClick={onClose}", "scope": "Modal.onClick", "scopeKind": "class", "description": "unavailable"}, {"name": "aria-labelledby={titleId}", "scope": "Modal.aria", "scopeKind": "class", "description": "unavailable"}], "revision_history": [{"36": "8c0142b0063886fa23a88ecd6701b4d66c6ecb67"}]}