{"is_source_file": false, "format": "", "description": "", "external_files": [], "external_methods": [], "published": [], "classes": [], "methods": [], "calls": [], "search-terms": [], "state": 2, "file_id": 9, "knowledge_revision": 33, "git_revision": "8c0142b0063886fa23a88ecd6701b4d66c6ecb67", "revision_history": [{"14": "83dede11627e7cd4bc50b78ee3873118c285fdcb"}, {"33": "8c0142b0063886fa23a88ecd6701b4d66c6ecb67"}], "hash": "1a943a77430a4d28bb6759aaabf77107", "format-version": 4, "code-base-name": "car_dealership_frontend", "filename": "car_dealership_frontend/src/index.css"}