{"is_source_file": false, "format": "", "description": "", "external_files": [], "external_methods": [], "published": [], "classes": [], "methods": [], "calls": [], "search-terms": [], "state": 2, "file_id": 2, "knowledge_revision": 25, "git_revision": "83dede11627e7cd4bc50b78ee3873118c285fdcb", "hash": "d2b40d02d5f7873d8a6713bad837edd4", "format-version": 4, "code-base-name": "car_dealership_frontend", "filename": "car_dealership_frontend/public/index.html", "revision_history": [{"25": "83dede11627e7cd4bc50b78ee3873118c285fdcb"}]}