{"is_source_file": false, "format": "", "description": "", "external_files": [], "external_methods": [], "published": [], "classes": [], "methods": [], "calls": [], "search-terms": [], "state": 2, "file_id": 12, "knowledge_revision": 30, "git_revision": "8c0142b0063886fa23a88ecd6701b4d66c6ecb67", "revision_history": [{"16": "83dede11627e7cd4bc50b78ee3873118c285fdcb"}, {"30": "8c0142b0063886fa23a88ecd6701b4d66c6ecb67"}], "hash": "6febfbc10348e5794b9759f01a1f7c94", "format-version": 4, "code-base-name": "car_dealership_frontend", "filename": "car_dealership_frontend/src/App.css"}