{"is_source_file": true, "file_id": 17, "git_revision": "", "state": 1, "description": "", "external_files": [], "external_methods": [], "published": [], "classes": [], "methods": [], "calls": [], "search-terms": [], "ctags": [{"_type": "tag", "name": "API_BASE", "path": "/home/kavia/workspace/code-generation/premier-car-dealership-landing-page-309766-309775/car_dealership_frontend/src/services/api.js", "pattern": "/^const API_BASE =$/", "language": "JavaScript", "kind": "constant"}, {"_type": "tag", "name": "fetchInventory", "path": "/home/kavia/workspace/code-generation/premier-car-dealership-landing-page-309766-309775/car_dealership_frontend/src/services/api.js", "pattern": "/^export async function fetchInventory() {$/", "language": "JavaScript", "kind": "function", "signature": "()"}, {"_type": "tag", "name": "getApiConfig", "path": "/home/kavia/workspace/code-generation/premier-car-dealership-landing-page-309766-309775/car_dealership_frontend/src/services/api.js", "pattern": "/^export function getApiConfig() {$/", "language": "JavaScript", "kind": "function", "signature": "()"}, {"_type": "tag", "name": "getMockInventory", "path": "/home/kavia/workspace/code-generation/premier-car-dealership-landing-page-309766-309775/car_dealership_frontend/src/services/api.js", "pattern": "/^function getMockInventory() {$/", "language": "JavaScript", "kind": "function", "signature": "()"}, {"_type": "tag", "name": "hasApiBase", "path": "/home/kavia/workspace/code-generation/premier-car-dealership-landing-page-309766-309775/car_dealership_frontend/src/services/api.js", "pattern": "/^function hasApiBase() {$/", "language": "JavaScript", "kind": "function", "signature": "()"}, {"_type": "tag", "name": "joinUrl", "path": "/home/kavia/workspace/code-generation/premier-car-dealership-landing-page-309766-309775/car_dealership_frontend/src/services/api.js", "pattern": "/^function joinUrl(base, path) {$/", "language": "JavaScript", "kind": "function", "signature": "(base, path)"}, {"_type": "tag", "name": "requestJson", "path": "/home/kavia/workspace/code-generation/premier-car-dealership-landing-page-309766-309775/car_dealership_frontend/src/services/api.js", "pattern": "/^async function requestJson(path, options = {}) {$/", "language": "JavaScript", "kind": "function", "signature": "(path, options = {})"}, {"_type": "tag", "name": "safeJson", "path": "/home/kavia/workspace/code-generation/premier-car-dealership-landing-page-309766-309775/car_dealership_frontend/src/services/api.js", "pattern": "/^async function safeJson(res) {$/", "language": "JavaScript", "kind": "function", "signature": "(res)"}, {"_type": "tag", "name": "submitGatedResourceRequest", "path": "/home/kavia/workspace/code-generation/premier-car-dealership-landing-page-309766-309775/car_dealership_frontend/src/services/api.js", "pattern": "/^export async function submitGatedResourceRequest(payload) {$/", "language": "JavaScript", "kind": "function", "signature": "(payload)"}, {"_type": "tag", "name": "submitLead", "path": "/home/kavia/workspace/code-generation/premier-car-dealership-landing-page-309766-309775/car_dealership_frontend/src/services/api.js", "pattern": "/^export async function submitLead(payload) {$/", "language": "JavaScript", "kind": "function", "signature": "(payload)"}], "format": "JavaScript", "hash": "5c59ad030f1416b990143b5c37028a61", "format-version": 4, "code-base-name": "car_dealership_frontend", "filename": "car_dealership_frontend/src/services/api.js", "knowledge_revision": 26}