{"is_source_file": false, "format": "", "description": "", "external_files": [], "external_methods": [], "published": [], "classes": [], "methods": [], "calls": [], "search-terms": [], "state": 2, "file_id": 16, "knowledge_revision": 21, "git_revision": "b158367149d77ee8c370b9c7b5aa1e717f41a651", "hash": "a0e05ac47cca9b4ee0e330bc66e9a3f9", "format-version": 4, "code-base-name": "car_dealership_frontend", "filename": "README.md", "revision_history": [{"21": "b158367149d77ee8c370b9c7b5aa1e717f41a651"}]}